RegionID,SizeRank,RegionName,RegionType,StateName,2017-10-31,2017-11-30,2017-12-31,2018-01-31,2018-02-28,2018-03-31,2018-04-30,2018-05-31,2018-06-30,2018-07-31,2018-08-31,2018-09-30,2018-10-31,2018-11-30,2018-12-31,2019-01-31,2019-02-28,2019-03-31,2019-04-30,2019-05-31,2019-06-30,2019-07-31,2019-08-31,2019-09-30,2019-10-31,2019-11-30,2019-12-31,2020-01-31,2020-02-29,2020-03-31,2020-04-30,2020-05-31,2020-06-30,2020-07-31,2020-08-31,2020-09-30,2020-10-31,2020-11-30,2020-12-31,2021-01-31,2021-02-28,2021-03-31,2021-04-30,2021-05-31,2021-06-30,2021-07-31
102001,0,United States,Country,"",11716.6962,11116.1879,11117.2019,12131.3592,12618.9539,13199.9702,13498.0674,13482.4089,13092.1152,12439.4317,11908.4741,12396.5695,12193.1003,11397.1987,10968.2516,11903.3668,12056.8942,12751.1459,13144.3221,13282.5282,13068.8701,12405.5578,11853.0907,12287.3465,11576.9115,10976.1755,10316.2273,11580.581,13973.4551,12850.2176,10941.4432,11948.7488,13323.963,14467.7389,14569.2662,15342.1727,14925.7364,14235.5033,13862.7665,15424.7279,17257.9586,19403.1488,21863.3019,22323.6232,21470.6024,19478.5946
394913,1,"New York, NY",Msa,NY,25658.7368,25625.1278,25501.9211,28730.0389,30160.3943,31247.6105,30437.4118,30139.58,26441.1921,26524.9505,24782.0894,27231.3535,26005.9068,25040.7497,23921.6053,27525.0598,25693.1796,26322.4971,27273.6883,26331.2331,25832.8077,25340.0932,23074.4634,25930.0344,24553.0971,24861.0197,22994.8395,25788.0577,27532.8992,26469.8688,24632.1595,25116.0549,24532.2184,29126.7838,29732.1441,33670.3211,31552.8095,31869.1207,31868.8775,34805.0973,35991.5183,41126.7579,43249.4565,41301.8004,38982.8108,36493.1591
753899,2,"Los Angeles-Long Beach-Anaheim, CA",Msa,CA,35748.094,38148.6359,32684.8869,43272.5998,38317.4987,43858.1091,42172.8964,39592.4476,38127.0832,35055.9506,30850.6325,34046.3044,34911.6471,32609.1202,31315.9277,34756.4751,34016.1136,37726.6112,37445.7176,39267.2348,38694.6753,38052.5999,36313.5017,39064.7838,38859.6571,41111.798,35451.4745,43213.754,54978.5764,47196.1049,33442.4683,36001.4843,43926.1588,51442.5044,55115.8909,53557.0398,48122.7205,51325.8517,49923.2945,58416.8964,63028.439,69214.0173,73024.6293,71455.4434,67333.7975,60691.1516
394463,3,"Chicago, IL",Msa,IL,10318.6589,9490.9869,8998.9902,10275.6552,11928.7715,12129.464,12826.4672,12353.0688,11679.3703,10889.6539,10271.5349,10836.7099,9909.7525,9105.1458,8302.56,10546.6457,10741.2695,11465.0391,12498.2389,11835.8149,11525.7606,10688.9147,9762.7699,10362.3281,9967.2331,8873.1245,7922.0395,9580.2797,12248.7223,10805.3775,9696.9336,9991.6022,11518.1044,12455.1946,12041.3678,11975.8523,11414.5099,10129.3729,10069.92,11543.3713,12769.9024,14289.0637,15514.9446,15681.8486,14616.1102,13483.9815
394514,4,"Dallas-Fort Worth, TX",Msa,TX,9865.3714,9395.6036,8531.1814,10869.2226,11524.6235,11654.3036,12035.8181,11817.7505,10257.3897,9672.0649,8674.3221,9269.5409,9687.2592,9139.2547,8520.3401,8818.1722,9832.7198,10238.3441,10715.5465,10105.5703,9421.1152,9096.5327,9230.6268,9264.4859,9008.183,8676.0059,7815.5947,8427.6331,9454.6944,9595.4127,7983.7091,8884.1349,10102.172,10329.8298,10165.1148,10873.5779,12344.4821,11027.4929,11651.2251,12239.148,13316.3804,15556.2086,17463.7812,18895.7427,17763.1939,14863.3516
394974,5,"Philadelphia, PA",Msa,PA,10446.8374,9597.9896,9807.833,9892.4788,10478.4013,10812.6503,10395.3185,12778.7,12404.3653,10746.593,10305.2247,11547.0244,10960.4134,10140.6476,10095.8747,10132.765,10144.3988,10852.3905,11744.0663,12372.975,11762.2226,10680.2744,10633.369,11310.1676,10877.6216,10249.6431,9548.6329,10938.3675,14173.2974,11782.6837,11124.8611,10481.1645,12453.2615,13437.5305,13505.4138,13796.6297,13045.0879,12755.559,13080.6327,12620.0385,13040.5224,13661.0394,15676.2647,16670.0482,15784.7572,14358.7182
394692,6,"Houston, TX",Msa,TX,12537.6257,11970.5699,12421.7197,12979.8453,12777.2276,13067.6771,13216.0971,12783.839,12183.9197,11688.1143,11094.4757,12053.1167,11571.3355,11522.391,10831.805,11876.7377,11529.0836,11498.3245,12156.3502,11706.799,11372.4572,10427.1001,10238.5983,9878.0255,9853.9827,10339.0883,9342.7959,9832.8351,12238.0542,11163.9039,10878.3034,10728.0821,11765.4486,11767.9044,11227.328,12009.6469,12772.5765,11982.3891,11940.7833,12608.9449,12313.304,14824.0668,16363.4837,17842.6452,17815.0697,14773.4854
395209,7,"Washington, DC",Msa,DC,15351.5535,15435.7698,15755.0577,16949.81,16517.1767,16150.7332,16523.8576,17215.7965,16183.7224,14626.8041,13421.8803,14644.8529,15306.8345,15076.044,14993.3027,15270.9914,16630.6182,17762.4401,17496.1134,16808.4327,15951.2638,14925.8964,13653.0953,16019.7832,16404.8356,14830.3324,14940.3556,18034.7811,21186.0689,18405.7655,16067.5359,15828.6203,19385.3359,20999.0444,20561.7594,20426.9278,17280.1081,16359.913,16751.4581,20189.9838,19814.1564,20057.6705,24287.9281,21667.7352,21380.7337,18703.1938
394856,8,"Miami-Fort Lauderdale, FL",Msa,FL,20070.1947,19764.8518,20891.0848,22462.0673,22220.9608,21982.3312,21344.4538,21474.2376,19188.7613,16688.5854,16270.9158,16845.1436,16963.4151,17154.1685,19546.8393,20888.2248,19760.4652,20477.1058,19297.8607,18874.5269,18359.9763,17361.2437,16546.2311,17942.0156,18041.9906,18593.9279,19679.7398,22429.769,26163.9353,22230.6395,16620.7424,17679.3672,19073.8414,20421.8126,22800.409,21800.937,23614.6587,22423.0738,22390.4596,29340.3074,26085.6193,31591.8342,33021.7181,35991.6266,34105.568,31541.46
394347,9,"Atlanta, GA",Msa,GA,10057.6547,10093.5571,8973.3142,11605.4963,11130.542,12682.2206,11989.1367,12015.8994,11746.7902,10467.459,10097.1726,10034.3471,9946.3268,9051.0023,8335.1414,8909.8513,9242.0815,9609.1769,9849.4673,10187.3528,9800.1424,9789.365,9208.5527,8963.1133,8608.9937,7795.4833,7931.8314,8567.5981,10485.1641,10493.4965,9245.0221,9849.5327,10484.9385,11656.7691,11102.1392,12390.5675,12281.4382,13137.3068,11542.4425,13783.5868,15118.1302,17832.0189,18577.2875,19512.9164,19520.4563,17741.4665
394404,10,"Boston, MA",Msa,MA,20953.5943,18483.442,16817.9276,19132.5322,22682.7484,25171.71,26466.5324,27465.7578,23649.8649,20525.4703,18996.9919,22356.1143,20623.1687,17870.6047,17419.3694,19896.0753,21282.8671,25023.64,26916.2394,26026.9878,25870.0948,22379.2967,20458.0528,24222.8609,22767.6709,19480.6347,18038.9632,21356.8175,30165.23,26143.3765,22950.1424,25680.8869,30114.1237,33848.2904,31762.8771,33112.487,31319.2972,28876.812,26308.3672,38164.7797,44908.537,51031.6119,46805.7277,46155.8755,48288.4363,43790.7838
395057,11,"San Francisco, CA",Msa,CA,40809.1963,38848.1107,32356.3205,36238.0211,45646.1778,54136.6187,54918.6397,55353.4833,53131.266,39336.7496,34403.101,36655.712,38792.365,33919.0654,29138.511,30672.1647,31147.9522,37693.6298,37203.5273,40950.0398,37944.3587,32986.4904,31499.6091,38971.7816,37480.7925,34508.5893,28273.6413,32064.9404,44091.2199,52462.6603,35787.3911,41975.8264,51301.3807,56527.3011,53362.7261,66592.2673,59325.1663,60831.5133,53686.5558,63217.3143,88537.2416,83836.1667,104697.8663,91484.266,87004.6786,69052.1271
394532,12,"Detroit, MI",Msa,MI,9885.9333,8954.8986,9266.2287,9755.9353,10322.8219,11155.6029,11606.96,13064.8521,12082.3452,11905.204,10384.3687,9866.575,9282.6932,8920.6041,8217.1396,8919.8546,9239.6584,10778.2769,10983.4778,11781.1247,11770.4724,10856.7665,10042.9063,9884.3768,9722.1149,8541.299,7817.4801,8731.1447,10093.9176,9682.6901,10514.5559,10909.5485,11933.0668,12392.0762,13030.3608,12017.4957,11543.9137,11335.6116,11010.5907,12039.315,14820.9577,15771.5298,19265.4283,17285.9271,17113.9298,16476.7006
395025,13,"Riverside, CA",Msa,CA,12826.5743,12298.6801,13179.8888,15747.9756,15069.6996,15020.9396,14919.8419,12106.9442,11808.359,11721.5041,11168.9618,11138.4311,11257.1712,11787.9911,12624.5382,13359.9399,13618.62,13100.8067,12569.654,12864.8757,12029.1579,11529.8621,11369.2175,11534.546,11016.0325,11105.2568,11896.3382,13530.9802,16524.1991,16701.9536,13219.322,12265.1251,14787.3912,15886.5726,18275.2053,17832.6152,19391.8786,18696.5113,19298.4889,23500.9493,24256.161,29670.0689,27233.7033,31309.2777,24908.2829,22714.2616
394976,14,"Phoenix, AZ",Msa,AZ,6766.7891,6601.7997,6283.1621,8737.1317,9370.3744,9592.5811,8542.6022,7704.0321,6962.0911,6608.0415,6473.8355,6735.5841,6983.1652,6480.7351,5793.5257,7123.1474,7260.4772,7893.7353,7727.6124,7477.0858,7285.1354,6901.2933,7160.4326,7910.673,7548.8239,7611.8593,7130.4498,9020.6259,13135.4454,11323.6525,7314.4909,8391.6284,11037.121,10906.7713,11582.0125,11824.6064,11609.1208,12104.7312,12739.6662,16637.0761,17604.7529,20270.2312,21574.7607,23957.1249,21666.8276,16508.9117
395078,15,"Seattle, WA",Msa,WA,21735.3409,19336.1326,20457.4388,22563.1972,24875.207,24956.2243,34012.9662,29015.5936,25843.6564,23370.3198,21488.1939,21613.4277,22235.3117,21015.4703,20347.1998,21662.5873,24216.9597,24812.5512,25839.5072,25539.4432,24773.1436,22016.4204,21294.8651,22079.2006,22848.7003,20705.7668,19146.5285,27267.2748,32468.2145,29742.6077,22625.1769,25300.7006,26639.0971,30560.597,29232.9736,32138.1812,30343.7184,30876.6962,28166.5135,37997.4377,47602.5109,37689.4638,45764.7383,43216.953,41341.8721,32182.5475
394865,16,"Minneapolis-St Paul, MN",Msa,MN,10684.5685,9784.6857,10712.2746,12469.3912,13404.2547,14258.2736,13885.4049,13743.3755,13335.029,12252.3772,11503.7549,11790.6438,11211.4934,10065.9304,9102.003,10471.1498,11851.6939,12143.1038,13345.2801,12783.0685,12685.5301,11805.9675,10977.4939,10802.4887,9425.4189,8237.6668,7544.6146,9284.3633,12239.4055,12437.1337,10783.7671,11439.116,13661.0638,14144.4749,13991.1386,13341.3422,12038.5238,11728.8088,10127.4568,11086.9168,15648.4767,17769.68,17936.3069,18595.4303,18303.8461,14823.2916
395056,17,"San Diego, CA",Msa,CA,24970.7017,22159.3233,19741.0795,27486.9409,26247.8706,26923.0774,28573.1796,26314.513,26328.6454,24123.1903,23948.4706,21743.5006,21551.0905,21187.6093,21321.0865,22816.7679,23577.7926,25739.8089,23914.105,24746.5613,25618.7869,24854.6137,24658.5534,25819.0645,25350.0228,29122.1571,28559.0097,28972.2449,35027.6718,31482.1526,25221.2581,27246.6211,29417.9064,36795.5246,34638.2825,41515.0768,38055.7358,35875.8686,34500.19,42326.3163,51977.0603,55098.4418,53983.6749,57841.7092,50637.1492,37323.2906
395121,18,"St. Louis, MO",Msa,MO,7722.7743,7343.2416,7481.4094,7909.7967,8276.8034,9006.6786,9538.93,9664.9305,9555.8269,9174.7469,8760.7404,8575.8819,8402.351,8253.5268,7518.3746,8171.0491,8368.8992,9768.2534,10016.6108,9954.3906,10011.0163,9742.577,9866.0602,9022.8676,8654.5346,8399.0524,7829.6552,8334.4801,9038.6709,9338.0893,8474.7973,9746.8279,10674.001,11514.6585,11137.8517,11112.0031,10008.9788,9561.1917,8737.5579,10443.4216,9783.734,13579.5568,14252.5973,14395.2804,14244.678,13583.1845
395148,19,"Tampa, FL",Msa,FL,8091.1902,7597.9566,7898.8936,8855.0922,8820.1692,8667.2097,9095.0316,9305.7827,9043.8453,8474.9256,8267.7551,7879.5515,8165.7301,8217.2009,7267.857,7596.0243,7860.6143,8177.6402,8577.5884,8825.7677,8209.0637,7770.0358,8371.6013,7964.7597,7942.9029,7750.2774,7281.0789,7885.2251,9142.8013,8549.7666,7996.779,7401.6512,8516.7056,8950.8069,9415.9431,10030.345,9983.1018,9329.5356,9728.0642,10782.7892,12686.4005,13393.4341,15893.0699,16340.3046,17047.2904,14223.1226
394358,20,"Baltimore, MD",Msa,MD,11477.986,11597.7051,10999.8858,10643.6639,10960.2232,11726.3626,12037.2789,12571.9664,12516.9033,12064.3247,11470.797,12083.8561,11577.8089,11039.7111,10137.4257,10954.813,11361.5081,11765.083,12177.0851,13124.855,12681.4368,12174.1624,11896.8074,11966.7992,11117.946,10131.2338,10324.0068,10108.8345,12702.8193,12040.8528,11759.4302,12140.8181,13100.2656,13979.5975,13731.5405,13951.2953,13744.3485,12538.9398,12310.5774,13588.9495,14354.5225,15146.0364,16762.2969,17764.4272,17408.9381,14978.8221
394530,21,"Denver, CO",Msa,CO,13348.1,12551.7387,14636.9027,14598.6249,15165.9293,14474.9675,15271.0396,14681.4044,13969.1082,13317.0026,12611.1065,12648.2911,12392.1909,10395.9375,10168.9469,12241.5272,12570.5216,13484.7323,12798.9838,12675.3347,12437.7845,11798.8295,11266.8558,11343.2624,10456.696,10697.9262,10734.5929,12278.0115,14941.1703,14881.7811,12561.3456,12636.1741,14069.9368,15768.058,15307.8944,16868.2112,18196.6987,17442.929,17333.9932,22328.6941,27936.8248,28273.4807,36455.691,30266.9577,25760.0864,20556.4458
394982,22,"Pittsburgh, PA",Msa,PA,8147.9643,8178.5216,8154.2963,8128.4169,8692.253,9131.9216,10631.1591,9704.0169,9656.4888,9260.9011,8945.4203,8639.8084,8771.8964,7854.9023,7973.8919,8413.6409,9303.5872,9372.4887,9605.128,9554.3727,9895.9672,9889.6399,9429.0294,9436.2596,8876.1041,8351.8144,8019.8875,8986.8246,10996.6203,12749.0981,9703.2516,11275.052,10730.3087,10873.0633,10951.119,10057.4052,11032.9041,9280.4675,8717.9631,10287.0783,10649.3667,14423.3159,15349.2905,14069.3042,15004.2334,12952.901
394998,23,"Portland, OR",Msa,OR,13436.6017,12734.2644,12897.5465,14595.1692,14943.7601,15447.9178,15577.7866,15317.8628,14811.7021,14953.1852,13967.7799,14199.3378,13911.0924,13112.9954,12381.9712,13294.5512,12990.4747,14484.2822,14736.8337,14658.4885,14138.4631,13610.4495,12407.6262,13558.7123,12642.2154,12110.132,10910.0927,14647.5036,16313.0435,17543.5958,13754.0666,14459.697,15978.5656,17650.3369,17889.4649,18777.3145,18653.5186,18599.8164,19908.3577,21876.1987,21582.8462,25191.0405,25606.9942,29970.1115,26959.3093,23754.4744
394458,24,"Charlotte, NC",Msa,NC,10975.0333,9753.918,9397.2565,10100.5025,11601.7368,11806.878,11541.8084,11959.1782,11324.6511,10392.9924,9837.2776,10007.2908,10194.286,8162.9549,6967.8515,8061.2064,9387.0716,9626.0929,10362.3216,10328.9367,9920.3357,8678.4221,8334.894,8384.1612,8234.3705,7556.5578,7773.0865,7890.7159,10476.4711,9855.9312,7936.1482,10034.2099,11480.361,11672.2006,12480.3686,12772.1286,11439.0695,11208.2956,11285.3465,12390.1145,15034.0339,17093.1563,20004.5449,20040.1255,20283.2377,15452.5824
395045,25,"Sacramento, CA",Msa,CA,13955.9468,12703.5996,12709.1224,14482.4401,14922.8119,14717.8987,14099.8944,14740.3099,14538.4033,14409.1806,14234.1903,14138.8209,13283.4111,13193.9647,14150.0448,12146.1512,12137.213,13626.9667,14060.8767,14063.3878,15195.0315,15421.7146,15183.1019,14701.7188,13424.264,12482.747,13985.5284,14169.6956,17385.8362,17060.9077,14569.2049,14076.8799,14446.7678,17522.5399,17196.2311,21112.4451,23273.3091,22198.8287,21731.4791,24121.5039,25971.3243,24964.4492,33757.352,39524.7664,38209.508,30857.4169
395055,26,"San Antonio, TX",Msa,TX,8459.582,8289.6585,7388.8608,8075.0322,8315.338,8496.816,9257.8071,8131.7882,8263.3923,8648.117,7994.6716,7869.3103,7052.4064,6845.9006,6596.0955,6888.7641,6809.5237,7996.3877,7855.016,8356.9837,8278.5449,7960.3375,7457.8276,7404.1387,6962.3876,6892.0235,6696.3367,7706.1157,8505.1452,8367.896,7594.9551,7679.5932,8294.802,8325.3835,8284.1722,8154.0996,8823.9479,9444.9413,8062.7966,7918.2496,9443.5763,9660.1117,13856.3226,14927.5212,12572.4115,13688.8097
394943,27,"Orlando, FL",Msa,FL,9805.2958,9519.2659,9391.0341,9665.3708,10290.0697,10911.336,11131.71,10538.8028,10597.5208,10070.7026,8774.6223,9118.4379,9334.2005,8385.6426,8689.722,9023.755,9360.0832,9059.6251,9851.2887,9605.37,9598.0439,9043.2721,9729.064,9624.088,8857.7359,8115.933,8425.0884,8720.9464,10185.5532,10552.8219,8799.8322,8883.8975,9310.4573,9450.9661,9700.478,9988.8254,9281.4991,10534.7509,10180.0075,10479.3869,12213.0839,12428.0709,16445.5896,18301.1724,15883.4904,14683.3356
394466,28,"Cincinnati, OH",Msa,OH,9003.5878,8275.4363,8086.8527,8365.1064,9293.1665,9762.3931,10262.7964,10678.9296,10634.8549,10019.4177,9484.5785,9064.6043,9206.6417,8263.2674,7643.0764,8206.2217,8923.662,10640.743,10860.9001,10689.8052,10941.245,10608.1546,10060.2172,9314.6328,9431.3937,8978.512,8781.3277,8749.6102,11231.4584,10922.9342,9542.1654,10408.0587,10651.7617,12274.2492,11130.2868,12556.1926,11825.2093,10453.8778,9726.5417,10653.4963,10850.1303,13339.4745,16001.1527,16663.7957,16342.4654,14638.4089
394475,29,"Cleveland, OH",Msa,OH,8668.7009,8420.7457,8384.6036,9164.2579,8880.9478,9339.7837,9638.0929,10155.8063,9915.8136,10205.2015,9244.671,8746.1952,8720.2935,8212.1136,7969.0948,9782.4906,9668.0171,10062.4355,10534.1009,10148.0259,10355.874,9641.2691,9351.0088,8995.986,8739.1005,8216.5226,8099.9961,9315.2339,10013.9099,9429.4222,9523.64,10623.8,11141.2128,10829.456,10399.3723,10312.2286,10053.6329,9163.8595,8933.9722,9847.7356,11285.3149,12370.9744,14381.1948,15150.0658,13163.7221,13089.0722
394735,30,"Kansas City, MO",Msa,MO,9431.8908,8030.0019,8515.0771,9472.7704,8887.0573,9762.7832,10387.2743,10737.6544,10998.8615,9852.0275,9193.4511,9323.5871,8842.6525,8155.3973,8542.7239,9217.6436,9500.7877,9611.6585,9871.9749,10653.1832,10076.395,9753.5586,9292.4542,9525.8494,8833.5683,8942.7967,8501.7544,8901.3842,10141.4109,10502.1174,8726.723,10048.3909,11386.1912,11553.4243,12014.8431,11364.1549,10992.9375,10171.1625,10397.2099,13103.6597,13524.6847,18501.7041,19307.892,17375.9832,17371.8188,15278.3252
394775,31,"Las Vegas, NV",Msa,NV,8965.4051,8253.1565,9047.5652,10029.9051,10295.9351,10042.0288,10287.2025,10504.918,9788.8078,9040.0004,8848.6181,8071.2053,7507.8593,5916.8489,6187.802,5878.9649,6047.9459,6586.1823,6808.5684,6746.8212,7140.4305,7180.6234,6982.5875,6876.7103,7437.3719,7324.5916,6022.1294,6733.5172,10528.9642,10490.0827,7675.2596,6968.7923,7762.9812,9278.4652,8157.7148,9351.8751,8859.7696,9458.9122,9248.1191,9315.3073,11473.9476,15646.9048,15602.3914,19763.3281,18750.5485,16999.9679
394492,32,"Columbus, OH",Msa,OH,8517.7469,8797.7863,7150.007,9055.6606,9143.2314,9568.3873,10270.5971,10056.0509,10199.3969,9624.6196,8349.5351,8200.5684,8295.3724,7578.9244,7108.4065,8073.6904,8627.1564,8589.583,10151.4853,10153.8325,9978.742,9212.9669,8932.6456,8445.5069,7853.6951,7125.5144,6889.7816,8086.1899,10253.0797,8775.3291,8678.7796,8849.333,9965.6377,9496.9971,10702.0532,9771.9774,11065.7327,10061.5264,8936.9223,9428.8508,13549.4254,12587.0106,14688.7892,12059.2186,13277.3467,12576.7096
394705,33,"Indianapolis, IN",Msa,IN,7733.3285,6812.9652,7469.41,8822.939,8487.213,8216.7099,8939.6478,9438.6177,9103.4056,9135.9071,8400.4029,8316.8778,7878.7903,7224.3234,7516.2224,7307.0159,7501.2803,9191.9894,9322.5236,10066.3813,8907.6172,8625.8208,8225.4258,8557.4041,7813.4623,7332.1783,6682.0655,7774.0306,8930.0234,9100.2473,8166.3908,8852.925,9826.5355,9881.2411,10102.8303,9394.5452,9378.5936,9321.8033,8065.5735,8961.3143,9291.8092,11915.1735,13006.0531,13754.6782,14280.7514,13149.088
395059,34,"San Jose, CA",Msa,CA,44772.3,27929.1295,19566.6522,73126.7805,75336.8197,76618.3697,87703.2792,78630.3176,79201.1542,56825.9764,56292.5933,63022.2859,61263.7061,54570.4496,39871.976,40257.7768,41980.1253,56755.5075,67709.8872,59869.2131,52795.1677,49256.5129,50261.4913,49135.0083,54360.4449,48159.2668,36234.365,41828.7486,38570.308,56421.28,36963.9361,54184.1439,56555.7115,61077.4204,70128.962,65110.5508,76072.7296,69214.7556,85939.4756,80392.3644,108082.9831,82068.4292,94125.2769,101030.0604,97263.7863,88480.9352
394355,35,"Austin, TX",Msa,TX,11930.8621,9944.8591,10146.4698,10719.1737,12609.7268,11700.1229,11932.3547,10914.0296,11015.1155,10555.6014,9886.2029,10851.0699,9707.5159,9671.3365,8000.9504,8658.3096,9744.3228,10452.4181,10022.2972,10945.5556,10435.563,10234.9525,9583.4969,10413.5774,7947.9126,8709.9884,8257.8014,8714.4486,11108.6912,13168.3856,10020.0425,11586.7584,12803.3558,15212.3682,15385.4579,15732.8035,14585.2074,19836.9889,22196.426,23405.9705,36165.7177,35794.6813,40799.8217,42632.0599,39978.9765,29473.2953
395194,36,"Virginia Beach, VA",Msa,VA,8138.5275,8122.9306,7246.3019,8111.1731,8356.231,9175.2691,8426.6427,8638.6755,8314.0746,8318.3689,8077.7925,8208.1162,7906.2712,7511.1744,7859.9281,8267.1077,8136.5126,8083.5195,8898.0486,9048.367,8862.3963,8272.9239,7793.613,7584.6245,6854.8842,6640.8991,6648.07,7242.5475,9041.5171,7437.2089,6622.1406,7082.885,7920.4741,7889.113,9170.5566,10050.2408,9613.8925,9475.1713,7745.621,9599.2314,9933.3963,11720.444,13078.5073,12353.8911,11624.9903,10889.1476
394902,37,"Nashville, TN",Msa,TN,11599.0701,10521.5327,10085.829,10312.9858,10491.8414,10561.5008,10488.0856,11793.381,11616.9442,11065.4315,10338.7161,10105.4884,9372.6586,8388.8879,8299.8947,8811.4601,8394.8417,8658.2346,10102.3129,10150.8597,9683.1362,10225.667,9419.9185,10374.4984,9726.6,8529.8314,8739.3373,8963.6163,11151.7618,10064.0636,7850.6101,9140.7137,9973.2631,11386.1122,13367.854,12576.0758,13432.4145,12029.927,12333.8823,12493.0265,16766.0907,14857.1799,23535.9533,21945.0593,23668.0826,21386.81
395005,38,"Providence, RI",Msa,RI,12815.0579,11995.5768,12028.4241,11134.9318,12680.4637,15368.0773,16752.985,13491.2792,16016.7654,15020.0534,14022.8866,13550.418,13811.7204,11008.8219,11633.259,10497.456,10448.0176,13332.7905,13793.0846,14394.7371,14919.4666,14595.2151,14863.7115,14593.3819,12416.4731,12067.5312,11403.3203,11266.9315,13260.9498,14386.5686,14066.0609,14964.605,18535.8726,21989.1871,23948.9241,20715.3403,19690.4614,16466.0107,13132.5703,18530.6569,19995.9205,25241.1221,26936.9266,29398.6864,32938.5425,29479.6088
394862,39,"Milwaukee, WI",Msa,WI,8072.9532,7245.7921,7421.148,7778.2201,8931.8506,9468.7897,10206.5578,10317.3196,10778.5792,10189.0628,9778.3174,8910.7285,8463.8427,7318.0296,6888.2203,7442.2719,9010.8735,10237.5389,9330.3144,11407.8353,10742.4905,10020.5839,8815.795,9261.0476,8180.2634,7340.9107,8060.5015,8039.1045,9379.9252,10038.6514,10100.711,12460.3086,12251.0297,13100.029,10408.9466,10852.2123,8900.4776,8537.3294,7978.7935,10079.3899,10370.3727,11082.1084,14994.2914,14298.0654,13480.0743,11495.1669
394714,40,"Jacksonville, FL",Msa,FL,9260.1673,8860.4129,8944.1201,9306.5089,9590.2081,8301.7097,8812.9774,9246.5408,9712.1622,8925.7145,8288.9651,7815.3592,8249.7507,7445.6385,7923.0266,8893.8742,8682.2361,8906.8563,8905.8042,9247.3674,8752.1549,8395.1295,7176.5831,7454.6494,7000.8044,7869.8123,7410.6412,7448.0757,8461.5864,7765.7441,5969.8585,6887.9284,8227.4737,8361.8923,9171.701,9859.5182,8786.971,7566.3168,8036.1227,8244.1597,11312.1352,13957.6897,14359.837,17763.1429,17705.9829,14544.8336
394849,41,"Memphis, TN",Msa,TN,7971.8686,7617.1723,7186.424,7251.9446,6968.7593,7174.4035,7400.4205,7601.0458,7679.8122,8183.362,7638.6259,7947.1723,7622.2998,9068.6889,6146.621,7201.8287,7615.2504,8642.8207,9503.4278,8695.2999,9441.6616,8735.2105,8299.4549,8923.5185,7899.8721,7599.9913,7367.1441,8034.7869,10089.78,8813.8858,8208.0866,9147.9746,9480.0078,9665.2845,9247.525,9906.6023,9664.5026,9248.6714,9830.9815,10117.9593,11174.3788,13690.1417,12344.008,12639.8139,14863.9485,13545.3475
394935,42,"Oklahoma City, OK",Msa,OK,5557.3742,5264.4715,5264.8071,5351.221,5717.8811,5637.6258,6306.3858,6091.9117,6273.7374,5992.7321,6130.7721,5881.9344,6268.355,5806.9709,5957.8481,6572.0602,6070.2894,6499.4045,6508.0173,6664.6677,6640.4585,6115.9192,6526.8161,6683.4948,6235.8981,6197.1308,4833.804,5647.9731,7507.5374,6942.0657,6023.4642,5943.651,7185.1316,7090.3463,7399.7678,7312.8872,7447.2701,7249.4866,7038.0709,7686.7326,7369.0197,10587.7389,11596.5611,13166.8798,11896.2399,12558.8801
394807,43,"Louisville-Jefferson County, KY",Msa,KY,8210.9776,6923.4646,7032.5446,7471.7521,8338.5129,7053.2249,8512.5959,9299.1849,9277.7708,9174.6,8529.6437,8194.3657,8039.2266,7830.9009,7364.8662,7759.7535,7776.3342,8662.344,9483.2049,8993.4593,8996.8241,8517.3557,8090.5462,7690.1304,7660.2633,6944.9723,6137.2063,7161.1064,8349.6541,8484.7315,7811.4367,8426.1576,10013.463,9510.8977,9691.9555,9954.9428,9041.7803,8320.2568,8028.2814,9797.4081,8423.8559,8369.5768,12529.1095,11628.0501,12186.4602,11284.8596
394669,44,"Hartford, CT",Msa,CT,12054.6696,10531.4393,10902.1336,10806.2907,12861.3599,11956.4901,12212.0635,11765.9431,10765.3947,11465.8747,11078.4678,10605.7967,10556.8555,9672.0781,10796.7915,9472.341,9812.369,11125.8211,10681.1527,11605.4835,11271.6509,10916.7011,10848.9023,11045.5224,10376.4674,9127.4322,9752.4161,9990.0941,11447.1879,10878.7093,10095.6355,12641.3711,13128.971,13159.8337,13528.4585,14324.0875,14417.66,13812.6531,11426.1171,13431.2402,14993.5083,15654.3371,19342.771,19003.6037,20814.8321,16887.6866
395022,45,"Richmond, VA",Msa,VA,8986.3476,8951.1564,8111.9116,9432.3043,9241.9438,9164.609,10140.5652,10239.7047,9902.0938,9546.5221,9033.421,9507.9393,9798.8875,9059.6991,9227.7531,8635.9788,8970.5721,9433.9469,10217.9451,10281.14,9513.7349,8860.0851,8747.3658,8311.5703,8402.4275,8379.5368,6848.4675,8663.8824,9079.1771,8727.9404,8626.7235,9611.9974,9652.9099,9274.377,9270.1069,10338.0388,11215.1581,9856.5818,8943.4491,10581.9868,12977.6151,9285.1518,12794.6727,12995.95,13133.0237,11608.1585
394910,46,"New Orleans, LA",Msa,LA,9539.4341,9495.5714,9887.1252,9089.4775,8904.5774,10601.114,10290.3704,9407.6667,10449.0981,9899.1281,10254.967,9549.077,10533.4442,9332.6431,8206.2738,8924.872,9852.3085,9455.4779,11011.0752,9917.3746,10878.1438,10177.5877,8676.4748,9718.014,8580.2222,8810.4747,9010.8391,9343.9611,10460.8997,9413.743,8104.1732,8278.1581,10210.1385,9986.3098,10608.7732,12182.1758,10878.0132,12181.3747,10368.5738,12262.1327,12642.9815,12909.9557,12615.587,15596.1541,14309.201,12885.6632
394425,47,"Buffalo, NY",Msa,NY,8972.96,8387.7484,7863.9614,9934.8043,8793.55,9313.3726,10801.7247,11650.5936,10452.4357,10092.2725,10110.7311,9515.2959,8766.5179,8937.7889,7954.5457,8189.6157,9999.8056,10820.7398,9743.0526,10348.9983,11106.1605,10923.4346,11002.4746,10296.1722,9728.7132,8301.7138,8724.1361,9865.0,9971.6008,11158.4806,13097.7624,10646.3598,11367.2837,13270.4065,12108.6242,11970.6394,11430.7592,10300.2751,11853.0061,10084.0993,12012.3182,13506.7797,15875.4031,14655.1638,12906.0195,14401.7385
395012,48,"Raleigh, NC",Msa,NC,8793.1994,8288.7704,7217.5057,8298.2524,8372.7302,9347.4975,8840.2825,9017.2145,8625.9874,8245.854,8622.5642,7256.6192,7061.5025,6296.0594,5532.3001,7035.983,6782.3856,7655.9265,8460.5473,8106.1084,8141.2531,7242.5497,7073.237,7367.7924,7112.6927,6152.2121,5765.4787,6532.0425,7688.0342,8052.6406,6959.5839,8227.5738,9572.6484,9311.4083,8892.6516,10457.3611,10041.9365,9360.8582,10037.6738,9754.5048,10922.7202,14432.3259,19270.2042,18085.8571,17787.7772,15859.9834
394388,49,"Birmingham, AL",Msa,AL,9145.8669,9011.0064,8927.6757,8775.0052,9950.949,9245.7429,10363.4268,12021.6151,10241.4743,9843.8234,10472.0304,10143.0925,9230.406,10617.4987,8621.7913,10181.6372,10927.7522,11567.5217,11574.751,11724.1185,10640.7971,10703.3565,9416.6928,9668.1169,9387.6106,8719.5543,7052.2298,9150.4562,10247.2338,10521.8134,10705.6461,11831.016,11780.6094,12286.4088,10405.5173,11288.4848,9303.2272,10704.2827,11704.6829,11682.8845,11884.7088,16149.2493,17100.8313,16892.5152,16052.2415,15299.5861
395053,50,"Salt Lake City, UT",Msa,UT,10151.0803,9438.1272,10285.8431,11001.4348,9784.7608,10499.3091,12315.2706,11559.0578,10961.8466,11352.2353,11219.1756,11154.7352,10162.5615,8529.3747,9508.0,8227.6287,8297.9729,9256.8799,11137.2923,10270.5396,10507.9515,10025.0945,10371.1392,9353.2519,8713.0919,8560.2673,7746.6918,10410.5988,12682.5213,12423.8088,10324.8841,11157.8799,11284.6262,14016.2595,15326.2316,14270.6797,16524.3027,15803.3368,13653.5243,16942.8512,23288.0909,27709.6868,28405.6502,26371.434,22081.8303,22968.518
395031,51,"Rochester, NY",Msa,NY,8983.3476,8430.8317,7975.5881,7225.6347,9384.9349,9350.5784,9660.7222,9848.3929,9518.2686,11364.8194,9332.4727,8661.8038,8909.6137,7936.1398,8052.4884,8543.0856,8384.2843,11009.5788,11628.67,10669.3718,11628.0507,11229.7836,9784.0591,11886.7672,9414.6452,9446.1281,9065.7024,7893.0405,10174.7839,11075.8094,10310.283,10352.4943,11219.6055,13155.3687,12329.263,10798.3765,10131.9974,9973.3574,10269.858,10602.6985,12193.617,14991.5929,13625.7565,13802.4819,13081.1961,15573.2676
394640,52,"Grand Rapids, MI",Msa,MI,8721.1241,7993.6973,8141.262,8246.2344,10313.0554,9702.9439,10324.1647,10337.8088,10869.9967,11347.1549,9571.8964,9758.5825,8990.43,8478.2673,10291.4858,7900.2046,9066.4466,9695.9244,11285.1923,11163.5859,11324.334,11323.4665,11745.5964,10153.2815,8937.5486,8268.3302,8463.3907,8616.1099,11354.2185,10316.2118,9213.1905,11044.9418,12990.4085,12641.3104,12736.796,13447.3674,11877.2289,11587.7259,11175.4408,15634.2422,12140.5096,16392.9481,15119.5797,19779.2031,18970.324,18673.5969
395167,53,"Tucson, AZ",Msa,AZ,8223.1047,8451.5201,8453.1545,10211.7098,9292.0931,10639.9804,10139.9265,9659.2152,7806.4538,8302.5444,8456.1366,7890.0674,8666.7583,8797.3388,12718.8592,10108.0243,10242.2486,9395.9423,10782.1973,9735.0235,9059.002,9031.397,9146.3474,9400.1333,8284.2251,8561.2597,9140.3856,8339.3474,11380.4518,11263.4015,8775.601,9876.9594,11834.7081,11191.314,9480.4804,12055.1593,10910.4427,11322.0854,10515.2085,12551.9436,14819.5249,16632.1338,14394.959,16555.4958,17400.9663,13811.3797
753924,54,"Urban Honolulu, HI",Msa,HI,28572.7083,34510.6426,41552.1899,47767.8794,44759.4427,31108.6809,35349.5287,35454.1741,33226.3248,29764.6667,25272.2733,29009.3131,31248.3696,28060.7128,30220.7967,33771.7692,25108.2753,29907.2721,27031.7411,25578.4261,32940.6825,31280.2309,32020.6186,34656.9012,41951.1316,37952.2939,40566.9862,53103.0,43142.6402,38607.7438,27933.4581,30179.6517,37998.8306,36417.6593,47381.8707,54990.1525,58546.7048,78027.1262,50680.9775,87954.0247,44393.0175,43432.4516,80366.1017,83710.5957,76134.0,71202.4824
395169,55,"Tulsa, OK",Msa,OK,6598.6876,6368.9522,6747.1388,6433.2171,6728.8268,7733.2404,7440.1312,6938.4024,7165.4387,7014.2153,7104.7936,6461.9974,6229.5646,6569.6782,6890.3097,7707.0786,7651.5878,8031.1146,8377.2836,8378.7781,8800.2292,7752.1133,8026.0074,8262.9056,7730.1276,8616.4545,7698.7444,8420.3694,9652.2433,8283.3074,7961.3131,9486.3502,9623.3421,9113.9687,9716.0885,8592.4078,8645.6195,8619.5675,8076.5457,11046.0995,15659.3803,13138.2259,17564.4603,14401.7099,14592.6653,13486.5997
394619,56,"Fresno, CA",Msa,CA,10238.8901,10362.1163,11160.5776,11092.0684,8992.0417,11868.6693,11085.4855,11088.0949,9961.818,9942.2522,9436.1681,10135.7153,10119.6839,10105.3843,8596.717,8842.595,9774.673,11041.5435,10276.9488,11619.622,10909.0068,10357.987,10431.157,10082.8601,9554.0615,9455.0716,8974.9116,9393.1791,11293.8317,10921.6063,10571.4486,10098.4948,10834.7284,12023.7181,13576.8117,13599.1946,13874.3274,10809.4576,11415.7411,13790.7685,18162.7625,18827.8511,19363.4545,16140.5802,20808.8457,19822.8702
395238,57,"Worcester, MA",Msa,MA,9802.5048,9713.6834,10113.8216,10395.2565,11343.2558,9957.2726,11661.9375,12274.3548,12339.2037,11456.4238,11897.2002,11223.8931,11487.2104,10796.4601,9893.9979,9956.9685,10240.2714,10604.9651,10463.4215,11694.1067,11873.3773,11061.1384,11472.1178,11123.4124,10640.8168,10114.1687,8848.2735,11365.1537,12555.1753,13723.9677,13038.0361,11777.2593,12389.3454,14633.1888,14810.8198,15920.6091,15964.0416,12890.7571,15909.9185,18575.9769,18041.7848,18937.1867,17597.8456,22629.5858,19638.0676,17375.336
394415,58,"Stamford, CT",Msa,CT,41715.7442,31134.8302,29681.4032,39305.4646,36802.0909,41145.7893,50632.5109,40644.0821,37412.7843,33201.0064,31014.7014,40448.1093,35762.9766,30209.5993,27562.0473,45354.7489,48989.8521,44784.1302,46566.6009,36500.9386,37395.4632,34856.6935,26636.4283,44995.6347,32751.2717,27534.4519,30830.5017,48098.3599,46635.1574,36519.999,29885.1209,39729.5183,42085.3706,43128.992,39671.6724,54606.0997,51138.3398,41302.3764,33350.4636,65151.6895,74004.9958,73756.1896,71733.5063,63940.66,55646.7036,56649.59
394312,59,"Albuquerque, NM",Msa,NM,6194.3427,6397.3084,7000.25,6641.3427,6880.692,7261.0978,8232.6007,7773.5352,7470.967,7091.7669,6607.8448,6779.2004,6773.9822,6481.2153,5754.5553,7255.6761,6861.5978,7390.3575,8089.8962,8360.9485,7415.1643,8103.8895,8210.5483,7860.8323,8070.9695,7666.6277,7250.4624,8483.6919,8122.3812,7503.975,7766.8464,8126.653,9190.6897,9596.7249,8944.0522,9940.3021,8945.4434,8762.8386,9599.5149,9858.9467,10434.703,12110.7872,12368.7521,15242.841,13086.1003,14084.2016
394308,60,"Albany, NY",Msa,NY,8697.6396,9063.1684,8085.9639,8771.0359,10359.649,10496.8187,10915.8714,10287.0969,10195.1088,10830.5041,10232.7417,9776.9352,9764.1452,8744.719,8785.8539,8479.1756,9693.5913,10071.4326,9942.7028,9575.5308,11109.6987,9449.2254,9959.1001,9028.5006,8858.9924,8266.4634,7567.7117,8440.186,9373.1641,9109.6046,9510.4037,9347.3284,11598.9568,10955.9352,11836.9264,10845.4825,10226.3185,10699.3389,9425.5048,9087.3088,8074.4493,12079.7458,13356.1781,13745.744,15016.0644,12571.4972
394938,61,"Omaha, NE",Msa,NE,8044.8568,7979.7738,8827.4021,7095.6811,9011.7774,8036.4629,8278.1538,8618.5312,8864.0226,9031.2507,8609.3792,7974.2206,7951.7095,7050.1292,7096.7445,6934.0153,7364.5506,8585.1111,9214.6023,8761.8309,8756.17,8590.0847,9053.4779,8211.8664,8243.9403,7393.5745,7382.3892,7158.115,7281.3558,7911.1693,7208.2164,8846.8667,9287.4638,10488.7556,10423.2929,10241.0533,9946.7171,9960.0819,9951.6857,8430.7796,15833.6795,11714.4024,14384.2,14070.2548,13574.2663,12830.2689
394908,62,"New Haven, CT",Msa,CT,13996.4017,11020.6024,16325.0,14538.007,11987.9712,11204.4588,13608.3532,14713.0162,13016.9437,12334.1357,14024.35,13096.7539,12891.593,12374.3488,12561.4152,14791.8386,9779.3721,12207.8314,14042.6181,14040.6553,12351.048,11835.6381,13303.5852,14076.0993,12470.6742,10670.7341,13102.6953,11497.8325,15993.8674,13593.9619,11959.0989,12029.6017,15144.4397,14106.99,15808.3864,18914.6637,14515.5438,14017.5989,16302.5704,19977.481,14192.7536,18078.4595,28989.5972,33251.527,22662.1652,23734.6623
394357,63,"Bakersfield, CA",Msa,CA,8853.5796,8149.5697,7776.0335,7968.966,8721.6341,8582.2724,7954.0679,8978.0619,8751.2299,8451.2301,8666.5493,7487.065,7585.8242,7473.5225,7496.1581,7596.5081,7430.987,7688.3759,9111.7108,8577.6655,8877.8662,8876.6944,8179.2437,8893.8658,8166.5717,8836.6674,8407.0068,8074.3515,10516.5923,8044.6341,7696.786,7828.5133,11063.0395,9897.8555,9518.1775,10206.1032,10460.8013,9953.7455,10127.6424,8442.3102,11818.8993,13267.9304,13361.8712,15172.142,17760.1724,13439.7283
394753,64,"Knoxville, TN",Msa,TN,8745.1983,8464.9042,9368.7449,8323.1046,8467.2024,9503.9826,10152.388,10249.4314,10003.885,9455.9401,8601.4429,8836.7514,8803.0892,8817.7136,10502.0,9183.9324,10676.7627,9379.8015,10373.5888,9667.9856,10970.8503,9546.0632,10815.2279,9222.9277,8831.3926,9561.8714,8074.5286,8064.054,9985.8816,10468.1603,8342.4719,10234.2485,10160.2929,10672.8508,10988.2852,11457.774,10213.2883,9793.8456,9573.248,11632.0179,16330.445,10994.7686,18265.4612,17269.7448,16372.3433,14617.8821
394653,65,"Greenville, SC",Msa,SC,8062.5419,7918.9554,9525.5417,8038.5906,8801.8602,8899.2065,8674.0141,8720.2419,9062.4667,8404.1302,9398.2002,8383.9792,9298.1652,8048.959,7291.5169,7673.1835,9316.3429,8432.9876,9798.97,9158.2257,9181.8711,7813.2863,7284.3701,7830.3802,7220.2286,6825.8407,7486.1356,6851.5109,8671.3134,7845.9558,7730.6269,8099.3456,7700.6259,8268.8745,8461.1994,8910.3021,8181.5045,9403.1123,9226.2261,9144.7821,9183.6066,11923.2038,13989.7842,12462.6784,12576.1321,12660.0547
394952,66,"Ventura, CA",Msa,CA,20293.3098,22195.1712,23990.1634,29249.8257,21791.3807,22906.4459,22494.3499,20824.3142,21145.1385,23030.7485,21857.1599,18676.2914,18388.9245,18631.4739,15726.9035,17324.2972,21177.1391,20179.6241,19731.2875,20664.9097,21343.4117,21744.301,20379.4547,21982.3848,22089.3086,20907.4463,21224.7457,31048.2951,44987.5408,29725.9573,24230.0957,27315.4595,28316.3724,35989.4219,31830.0954,49771.1624,32437.5961,33364.2481,35100.65,55970.4242,67832.1746,56245.5222,63772.5529,75512.9405,49141.9355,50312.9138
394318,67,"Allentown, PA",Msa,PA,9749.5542,8692.2537,10174.701,8920.7183,8734.249,8712.7933,10290.6332,10650.3119,10906.0785,9648.8684,9777.7463,9331.7071,10044.6296,10126.8793,9006.8697,9576.4369,9540.4885,9823.28,9686.5014,10134.9566,10122.3144,10565.7223,9549.0884,9634.6275,9907.882,9016.0051,8955.2335,8646.5141,11574.1898,11534.9046,17569.0397,10566.0607,12023.6674,11109.7237,11765.2326,14047.6861,12809.1807,10545.5599,10471.2514,13360.1833,16983.5978,15156.7374,13056.8429,14194.6233,14488.5406,13466.6792
394561,68,"El Paso, TX",Msa,TX,5742.6541,5245.0117,5013.8976,5488.4323,5421.6364,4985.1958,5053.4701,5902.8774,5438.6747,5388.1201,5169.7216,5241.5806,5137.106,5728.3027,5785.2688,6326.9978,5655.515,6256.4295,6374.798,5907.1215,6112.5192,5997.3243,6159.4455,6399.9781,5545.9923,5793.2959,5158.5495,6527.0872,5824.2596,6353.0772,6889.4607,5798.3292,6307.23,6744.2194,8063.495,8337.9202,7162.2448,6910.0914,6904.1517,7766.1472,7037.781,8536.0172,11442.8917,8609.4426,10102.782,9905.9946
394367,69,"Baton Rouge, LA",Msa,LA,8823.3788,9044.0094,7882.5622,8375.79,8159.784,8586.7744,8729.2298,8016.2226,7648.838,7372.4903,7603.8492,7966.0339,7416.5941,7780.8802,7327.6631,7346.0661,7812.4606,8106.2222,7780.025,7931.2722,7656.4419,8112.6927,7538.1733,8025.0983,6436.3323,7587.7258,7945.3517,6022.545,6490.0219,8403.3261,7215.7893,7492.7046,8127.1523,8175.6695,7949.508,7775.5861,7528.7038,7476.4758,7662.1995,9195.3227,11192.9451,9081.724,11858.131,12042.0456,11905.9172,11209.9912
394521,70,"Dayton, OH",Msa,OH,5734.828,5067.1185,5569.762,5483.3569,5990.8154,6822.9467,6031.4923,6740.6712,6709.4081,6551.9557,5955.6182,5654.3894,5375.1935,5191.7428,4144.1368,4961.1879,6361.3389,6043.2361,7537.0433,7293.8814,7245.4003,6821.0737,7341.2063,6828.1661,6352.4742,6108.3436,5639.5313,6000.444,8207.3943,6176.3815,6434.1418,6934.1015,7780.3186,7415.1553,7634.2892,8216.1938,7672.4388,6565.218,8005.045,7941.456,8661.5597,8076.3394,10953.0807,11943.7547,9740.6352,9966.7429
394843,71,"McAllen, TX",Msa,TX,9432.6367,7133.8596,8007.1753,8243.5017,8628.3598,7619.0831,7571.9676,8233.1118,8407.5255,7788.5212,8211.3216,8926.1799,8132.6427,7435.0903,7256.0,8272.5519,7637.4064,8174.3839,9790.0458,7451.4688,8333.7484,8957.0484,8780.5533,10301.2013,9302.858,10102.6141,7747.3795,8827.898,10658.1849,9406.6845,9748.03,8096.2262,9069.8314,8806.2339,9091.6866,9283.0679,8838.1944,10687.1627,8420.5595,9458.5904,7892.7279,9175.5747,11498.6378,11608.0708,10482.2358,12139.1007
394486,72,"Columbia, SC",Msa,SC,6416.407,6484.8414,6215.2654,7697.6584,6761.9778,6643.0202,7570.5135,7369.7809,7816.8279,7783.4464,7114.309,7704.5914,7368.1225,6797.5761,5833.3189,7199.6158,6217.6477,7711.1769,7748.0481,7127.4582,6987.8303,7147.5067,6323.6496,6005.8869,6015.2537,6396.8997,6479.2168,7205.4457,7668.7326,6981.8219,5599.8019,6639.0538,6831.4262,7808.4351,7460.2633,6920.6246,6482.3823,7357.8189,6721.2761,9614.5411,8212.4766,12050.1767,15234.8934,11751.9608,12728.3514,13084.6647
394648,73,"Greensboro, NC",Msa,NC,7184.0631,7468.8724,6916.3831,7318.2281,8878.4983,9650.9313,8728.8961,8807.9036,7924.6336,8439.1865,8507.389,8548.4614,9387.6471,7637.7794,7726.2808,8365.4391,7311.0774,8120.7571,8604.94,7969.6413,8529.1366,8389.8264,7734.7103,8441.5514,7825.7918,6890.2317,6440.5833,7874.6648,7517.0579,8902.5848,5823.3687,8229.4752,9905.4302,9281.0443,8127.4277,8782.0175,7380.6049,7799.1856,8191.1065,7591.2839,8093.75,8448.1728,15448.6923,10136.9565,12293.2381,7631.5882
394304,74,"Akron, OH",Msa,OH,7147.0994,7241.2027,8053.5487,7133.4085,8049.9786,7690.3406,8699.6191,9735.7708,9461.215,9199.7398,8443.7377,8109.9295,8395.1744,6612.2962,6547.1768,6731.7517,7667.2952,7907.6282,8137.9897,9846.8347,9992.6341,8978.4061,9321.1341,8438.115,8914.6878,7202.2306,7037.8367,7625.8026,7899.175,8890.5548,7979.8562,10672.3433,10484.1003,10465.2222,11420.8161,9807.6344,9810.226,9009.381,8932.4661,8002.4798,8251.4145,9627.916,9457.0483,12287.0556,10877.613,11413.4635
753906,75,"North Port-Sarasota-Bradenton, FL",Msa,FL,13616.5923,12133.8509,13638.1546,13083.1824,13665.4299,14273.3398,12584.0768,12181.119,12118.2133,12778.6903,11144.2328,10348.8789,11827.8454,11929.1016,12844.5025,14384.9739,13831.9661,13655.9366,15406.3431,13267.3131,12591.3074,11619.0109,11940.4871,10205.4644,11437.8406,10463.5366,11632.0033,13741.8678,14720.0632,12514.2982,10931.1851,10573.0636,10540.0042,12037.0269,11831.2952,12114.3211,12125.2636,11848.361,13070.6946,14349.921,21557.0668,20779.8682,24764.8018,24294.861,28701.9495,21984.9342
394798,76,"Little Rock, AR",Msa,AR,7122.6645,6366.0954,6776.0819,9980.1121,7211.9235,6427.0163,7616.3614,7240.063,7436.6939,7023.6468,6949.4291,6872.4802,6979.345,6339.8953,6365.3497,7044.0205,7423.6918,7670.2623,7707.9393,7506.5103,7396.4769,7462.7123,7391.2415,7290.0536,6723.8296,6460.7692,7585.4259,7784.6862,8527.667,8008.998,6501.344,7723.9452,7699.0562,7929.409,7173.5529,8442.7746,8030.2967,9108.2982,9490.1779,9491.8879,10934.8281,10194.5876,12829.402,12641.2881,12317.797,11582.4631
395134,77,"Stockton, CA",Msa,CA,10629.1226,9511.5189,10042.4742,9895.2925,11212.821,8944.1075,10878.1957,10980.6758,11831.9367,11689.6193,10878.7121,11727.4517,11077.7508,11354.9222,9005.4618,10116.4479,10347.304,10149.9574,9998.696,11749.3762,10371.8135,10910.6215,11059.6498,10509.7532,10172.8845,10161.0624,11271.8682,11302.4552,14330.0263,11790.9293,9720.7432,9705.3255,14441.8314,12242.5878,13061.5323,15695.3934,18141.6696,16422.1771,21290.2951,18775.1176,16904.9286,18990.2414,28993.2535,28880.5476,28504.306,26281.7
394457,78,"Charleston, SC",Msa,SC,11273.5398,11497.6939,10738.4986,12444.9316,10265.1224,13834.2804,12868.3803,10652.1957,12450.5113,9858.7393,10266.0253,10717.604,11403.6291,10368.3861,9240.5058,10288.996,11290.7176,10710.7849,11935.9053,13036.3285,10293.7318,10477.3427,10141.1923,11164.6062,10467.2675,11538.9421,10517.5939,10997.2813,13048.072,12745.3379,8732.6322,10487.5352,10776.8776,10901.7876,12764.6507,11665.4545,13944.7986,15468.3571,13244.5127,15311.906,16388.9397,19812.5368,20768.9648,22162.301,19748.7936,20152.5468
395143,79,"Syracuse, NY",Msa,NY,6398.9937,6464.5964,6586.6667,5851.3019,8856.3333,7102.4739,7134.7522,8628.6395,9062.6593,7530.2616,8875.9536,7201.5163,8894.3272,8105.8571,7399.8382,7512.8921,5690.2397,7089.0087,7698.5014,8587.1188,8384.2149,8461.4371,8480.4876,8513.707,8304.4293,7335.691,9878.1077,7058.6706,8469.7642,8566.8663,15172.9896,9055.0391,9531.3284,11505.5081,10653.5033,13391.522,10104.1948,12758.0596,10045.7176,7866.4336,10755.9492,9728.7937,12339.3906,19275.0,14445.5166,15093.2969
394484,80,"Colorado Springs, CO",Msa,CO,10648.332,8916.3534,8654.2134,10742.0609,8971.4119,11762.5134,16228.6909,13188.7922,12405.0339,12232.6836,10656.5764,9523.9471,12553.3669,9482.7762,11401.7138,10790.4274,9717.948,10836.0569,11643.7917,15793.9424,11482.4862,12647.2119,13134.6303,11406.3624,13259.5123,9908.1107,9289.4587,14312.6077,13342.8673,16247.2749,14757.5895,13350.742,13256.3442,13995.2855,15664.3227,13563.7255,14864.8939,12199.6397,11898.6753,15113.8996,24230.1465,17969.3315,16727.884,29524.7749,32208.3085,29504.0208
395235,81,"Winston-Salem, NC",Msa,NC,7891.7516,7280.8018,7101.057,9033.4197,9667.0455,10689.9,8925.0055,9120.0819,8803.7988,8558.5137,7913.686,8109.0168,8528.4564,12411.6783,6408.0561,8976.1924,8839.9746,9134.1687,10048.4964,9972.0137,10390.2544,8329.4842,8696.6462,8547.8862,7948.8875,8546.7247,8028.7713,8852.97,10917.6808,9584.8248,9252.3275,8517.8361,9602.1857,9077.0428,8435.4176,8097.8142,9153.5143,9213.0178,8049.4534,9442.3231,10193.7927,20890.9178,27066.6757,10752.5,15000.3939,18155.7209
395224,82,"Wichita, KS",Msa,KS,6150.2172,6194.5911,5418.7153,6056.5041,6559.4477,6938.5,6935.3727,6846.041,6608.4865,7290.199,7050.1347,6541.5106,6264.9438,6249.6923,5705.7724,7287.8056,7879.2766,6860.3773,7562.3734,8236.0509,7895.1332,7803.4545,7773.222,7453.3686,6673.715,6605.2575,6965.5281,6388.4513,7822.0391,6955.4081,7318.3404,7323.6254,8745.7781,8438.7778,8724.914,7189.3269,7454.7597,6965.336,7181.5149,6552.0769,7856.7368,9328.4722,10279.014,11426.1392,11452.3145,10043.4807
395115,83,"Springfield, MA",Msa,MA,9988.3429,7922.1348,7302.8957,7640.1333,10427.5571,9042.9874,10248.9169,10089.2108,10897.1472,9658.7314,9383.9626,8314.5047,9054.1475,8184.7666,8461.8268,8290.3112,8371.7756,8465.783,8929.5243,9194.0635,10303.7595,9817.0125,9489.9931,9522.4613,8887.9403,8395.0591,7612.2591,8896.8953,9534.4101,10447.0199,8537.043,9058.7612,9942.0775,12051.9325,12335.5251,10324.8988,11952.8304,9231.585,9124.5469,11246.6303,11824.7333,15306.3226,13457.4625,19341.8629,16507.961,15455.4238
394440,84,"Fort Myers, FL",Msa,FL,10310.3246,10318.2889,11591.4332,11068.566,11504.0221,11023.2848,11290.3304,10593.6044,9355.9711,8669.1978,9140.3883,8653.365,8938.9756,9315.0328,10700.2695,10342.4493,11397.8759,11868.4381,10723.7662,10073.1932,9572.4105,9570.6717,8038.4074,7864.7498,8337.5414,8231.1173,10795.426,10680.5166,13561.4188,12176.4366,8997.907,9616.6597,10062.5827,9010.2469,9675.6488,11010.672,9709.8616,12862.428,12598.6392,15717.9401,19212.3453,20913.865,21549.5853,21258.8546,21074.5888,19018.7421
394399,85,"Boise City, ID",Msa,ID,7780.096,7301.8632,7625.2812,7960.4966,8298.2635,8998.4948,9288.666,8944.8518,9726.3985,7916.2771,8793.482,7686.5549,7907.5933,7768.8128,7692.8679,7126.7268,6480.7854,7519.3485,8304.0397,10228.3398,8787.4286,8973.7086,9408.4945,8295.3128,8219.5029,7245.9219,6793.8723,7610.1501,8378.25,8758.1991,8094.7471,8521.7759,10164.9938,9924.0605,12315.4571,16428.4557,14359.6615,17381.7697,10449.2869,9990.5988,22290.2174,22398.2776,26052.2186,29043.0418,23125.1378,18827.1887
395160,86,"Toledo, OH",Msa,OH,6208.4205,6839.1514,5890.4516,5943.9914,6271.7962,6418.0366,6984.1012,7497.2913,7745.2857,8381.9477,7590.5566,7092.3881,6528.7732,6297.3052,7423.7965,6868.6636,7986.8039,6962.4723,8203.7167,8496.8873,8555.9397,8329.882,8221.2254,7662.3874,6915.8228,7220.179,5932.1934,6391.5758,7673.5299,7248.1883,7337.9763,7659.8504,9879.405,8638.1956,9143.429,8288.8777,8252.7128,8088.5294,6467.6039,7248.0,7242.2222,"",11751.4954,10442.871,11421.5686,10812.0176
394816,87,"Madison, WI",Msa,WI,10208.1885,9535.459,10647.2292,12105.5103,12531.8296,11213.6851,12705.7434,12539.8973,12312.6379,11206.2052,10956.3283,11666.65,10116.1125,10216.9803,14587.7687,9814.2514,11605.0878,11320.8375,10801.1563,12449.5473,11799.0453,11844.3844,12202.0816,10808.2408,10943.1266,8362.7517,11086.7037,14818.7579,15554.96,15083.2652,11865.8233,13459.2151,13184.8612,13372.3864,15325.8801,12462.0487,15834.3234,13483.0892,13838.0208,16194.2024,15967.2581,20422.2596,20009.7766,18377.2222,16660.338,18084.7061
394766,88,"Lakeland, FL",Msa,FL,6343.7819,7466.866,6236.1054,6792.8038,6314.0058,7217.0402,6983.7595,6225.489,6721.8599,6861.116,7266.4843,6074.5483,6787.7618,6694.1354,7207.6373,7617.446,7180.9603,6728.3558,7122.1729,7229.3833,6657.5203,7283.8815,6972.6878,6897.0966,6523.2308,6072.8977,6049.8567,6424.9069,7277.4331,6966.489,6419.1495,6281.1306,6849.5162,6891.4301,6945.1274,6112.0738,7292.481,7282.0,6895.6904,9322.7956,7035.3705,9969.7532,9569.9433,11087.5977,13705.5671,11877.3966
394931,89,"Ogden, UT",Msa,UT,8926.7257,7795.1884,6882.1694,7515.4478,8574.3421,9788.6667,9356.6537,9658.7241,10517.3205,9985.5643,8726.3474,7789.6951,7515.6793,8251.9747,6945.5953,7811.8575,7774.7513,7467.4027,8263.1023,8401.9845,9468.2354,8172.2428,9237.7243,8220.573,8186.5809,7868.9452,7906.2444,7717.2642,10707.8649,9463.9347,8639.0438,9399.7291,9604.8381,11715.7203,12106.5688,12647.7665,9592.1214,11217.6301,11380.5505,13905.5556,14368.6471,16751.3445,23221.27,29828.2057,19325.0573,21210.9876
394528,90,"Daytona Beach, FL",Msa,FL,8255.4561,7790.6478,8956.7816,7865.7493,8550.0668,8958.0298,9105.8297,9296.7637,8665.0407,9216.7419,8110.2579,8285.1617,7835.9667,8396.4127,8247.2219,8540.1239,7952.7247,8551.1863,8591.9042,8995.0776,8721.4649,7828.1809,8140.852,7787.5263,7499.4972,7921.1323,7211.9941,7908.1259,9616.8544,8663.1907,7219.297,7305.5825,7016.9838,7370.5465,8188.0476,8913.4519,8469.6925,7994.5047,7698.4693,11278.3857,9999.8047,13995.6119,16485.7194,13114.7481,12430.8008,12012.2198
394531,91,"Des Moines, IA",Msa,IA,6326.3581,6199.2788,6524.3038,5710.9387,6378.9063,5945.021,5961.6762,6693.5618,6827.6414,6795.4093,6506.0765,7651.6797,6423.8616,6102.4577,6303.1756,6082.7559,5936.7937,6555.5169,6329.1067,6002.7176,6647.2082,5771.7407,7033.4016,6591.6389,5871.1797,6329.3711,5165.976,5854.2843,6354.718,5770.3285,6172.8758,5610.3432,6259.4847,6227.3342,6854.6505,6658.543,6409.3502,6286.8732,6517.1912,6322.3107,7354.0818,8488.6958,8830.51,8943.7901,8724.5543,8912.5725
394711,92,"Jackson, MS",Msa,MS,7408.2947,6766.8391,7883.1796,8575.8691,7752.0962,7327.2587,8269.6725,8111.7448,8599.9104,7746.0571,8021.3495,7252.0366,7515.7464,6635.3795,8932.5868,8538.8834,7730.4317,8459.1914,8303.4701,8896.3509,8303.3659,7716.0067,9376.297,9018.2635,7926.3491,7383.184,7485.2111,9893.4532,10124.481,8516.5474,7347.408,8228.6178,8006.557,8329.9239,8445.0518,8619.6175,7800.137,8341.2388,8231.5447,10331.0258,12586.9385,13290.6396,14751.3624,13005.1931,14052.1238,13406.7104
394352,94,"Augusta, GA",Msa,GA,7627.7309,10520.4674,7664.9003,9042.8179,9015.9174,8337.4757,7815.7346,8610.325,8116.0755,7913.0846,9053.3913,7360.346,8047.4308,7557.0931,8808.9212,8536.3909,8903.1788,9661.9845,8557.6836,9030.8131,7834.8132,7263.8463,7588.6961,8527.8632,8491.9386,7774.0548,6476.9286,7354.3609,13302.4498,8208.0896,8659.6254,9448.7265,9438.1581,8188.2184,10088.6211,8690.7284,7237.1133,7748.428,10618.7853,10223.1387,8978.1228,10546.4053,13895.9524,18240.0,15028.2107,12073.8376
394666,96,"Harrisburg, PA",Msa,PA,7686.5109,7513.9758,7819.3962,8105.4394,8080.5869,7080.8562,7826.6943,8123.9723,8136.4899,8727.7806,7473.5719,8310.846,8551.3203,7906.3587,6776.0,8142.5691,7596.0915,9865.0507,9299.042,8666.3088,9287.0397,7969.5974,8769.269,8388.0891,7743.1081,7852.6483,7087.7133,11127.082,13224.6861,12720.7692,14999.2209,7754.5404,8922.6727,9199.1733,9994.935,7959.3488,10688.2543,8618.9076,8499.7438,8177.6859,7712.3628,9035.8527,13212.5812,9490.3551,12133.4461,10726.5615
395006,100,"Provo, UT",Msa,UT,8205.0213,8855.57,7964.1581,9517.629,10174.6982,10410.9222,10488.4326,10932.2294,10934.6025,9387.8309,9424.3742,8429.7683,7590.2842,7901.3952,7903.6921,7791.4444,6818.851,7159.2776,7196.7086,9220.6805,8205.6583,8707.3143,9167.5106,8286.5354,7641.4371,6766.9842,7711.9864,8348.3353,9572.7005,8977.6462,7967.8643,8990.4826,12420.7139,10893.4304,11002.8478,12365.9541,13505.371,11623.5562,16054.6607,10749.3333,26663.55,27981.5758,23362.0963,22373.8448,23735.8516,21406.2157
394602,159,"Fort Collins, CO",Msa,CO,9583.0271,10238.7839,9248.4774,9375.9795,10487.6279,12091.1602,13122.1872,13525.92,13672.7064,13761.4101,12526.8856,11854.5707,10776.5812,10351.6799,9311.2903,11372.0402,9471.4365,10542.9827,12386.2979,11035.446,10996.1752,9741.2316,8935.4837,9860.0583,9621.2382,9739.472,7440.9461,9209.3063,10303.6606,11777.1847,8905.9638,8644.2925,10542.4692,10240.9614,11330.8862,9697.3277,10283.5,11760.1099,11203.9316,9894.6176,14672.4242,18572.5443,23164.6825,20871.4182,23600.731,25383.8485
